"","H001","H002","H003","H004","H005","H006","H007","H008","H009","H010","H011","H012","H013","H014","H015","H017","H018","H019","H020","H021","H022","H023","H025","PG1001","PG1002","PG1003","PG1004","PG1005","PG1006","PG1007","PG1008","PG1010","PG1011","PG1012","PG1013","PG1014","PG1016","PG1017","PG1018","PG1019","PG1020","PG1021","PG1022","PG1023","PG1024","PG1025","PG1026","PG1027","PG1028","PG1029","PG1030","PG1031","PG1032","PG1033","PG1034","PG1035","PG2001","PG2002","PG2003","PG2004","PG2005","PG2006","PG2007","PG2008","PG2010","PG2011","PG2012","PG2013","PG2015","PG2016","PG2017","PG2019","PG2020","PG2021","PG2022","PG2023","PG2024","PG2025","PG2027","PG2028","PG2029","PG2030","PG2031","PG2032","PG2033","PG2034","PG2035"
"AIM2",6.80927042036251,0.958267286010276,1.24056708777995,1.07028851353328,2.24855816861523,3.33495221979956,2.10185979580348,3.62923826105752,2.97832153140595,2.87853230742262,2.40493974416255,2.40160688037124,NA,5.58671430713482,2.73208087470977,5.97249605005638,7.11074520970194,3.47376300029598,2.18177342858749,12.2609624697636,3.55454855246715,0.768437834467463,13.5698571488273,NA,5.90321137100438,3.72610070568885,3.9326451089616,13.4263941937047,3.70463994481077,3.79824596358789,4.81321210399801,11.0604128550239,6.44270557534104,NA,8.308952828841,4.4372525467932,2.29500930025065,2.82842712474619,7.95576134938571,10.0375365316503,NA,8.73616436596521,14.4734137233233,22.8058704926405,56.2585318983544,10.6098571967483,13.7942967202815,83.3436281324178,14.8151363604372,29.3644762339637,17.2397466332458,18.8479189244264,7.27862867803694,28.9468274466467,7.0250086414932,11.3294035057163,NA,3.72050897719113,4.45368647291474,1.79067063347719,NA,1.00975129759669,3.64773266207908,NA,NA,NA,3.99722837196181,6.39968102666202,4.32190292118095,NA,4.04460832340522,NA,2.57933650131177,3.27274228374731,3.91089824484093,2.30138124646517,5.63337690764832,3.52755032943637,5.49264099949957,3.13254087204376,4.94852991474869,5.51935621897346,11.0693607154613,1.45061700541581,3.68713438678581,NA,4.41832639857623
"CASP1",26.9584721368979,12.6435816726328,10.1729572762417,44.4055055030632,25.5987368317663,29.3577045962251,16.3513029321816,22.1157202945113,19.9502336841871,23.9065439059095,22.6954870958925,30.9743022397806,40.748267440901,33.1208195895411,25.9860738561401,22.611734953953,17.1444159181992,16.9396567718906,23.7633554277022,38.86319936411,17.7367113984136,33.7309228101598,32.8009631987331,15.5840682966919,27.8640552455673,25.3046976825667,18.3452331308972,43.7638169678736,16.6987321666204,27.5885934405631,14.9078468688764,26.7660683578079,16.9357503180021,4.52421241558817,29.0070833096989,17.7531115530855,17.8931233272184,16.5757242169603,34.0755884662897,24.0255907527465,30.2808402467101,20.6537713304386,22.0086690902359,NA,28.7734571404226,25.3632315436749,27.8383152866768,27.8190259228807,27.8833758321313,22.975112169975,32.2971136387792,NA,35.3425280238184,49.0778451095389,25.7351211076257,NA,17.1444137422474,28.0902975235046,32.4542009997248,16.8849577778568,20.0704352723359,NA,24.5275857843322,16.0666806918236,22.1310500641754,17.3396154695165,23.4632886595905,26.3123220591381,20.3365070288907,18.4004184030523,11.9670860668991,9.3545397050994,32.1110959523041,24.1563961642308,NA,NA,10.7654247221121,23.6155735044704,21.2001122727233,17.8724643159869,18.7350336874644,15.6490155751574,21.4563583640545,15.9483286259287,23.4199593503632,14.3800820257765,26.2334079484881
"CCL2",16.0592565519561,6.06426626396777,10.2247966359192,8.73011230912615,4.51794682992482,5.35789878540141,7.98706993619508,7.41784115481025,8.85402464578632,15.3517689399549,11.0425396057884,14.5068876503617,7.95944084231874,13.3644929829456,7.94841060410734,15.0950134512091,15.985215408071,12.2751343165461,5.46037473678586,21.6355623999981,7.98153783430324,10.6614585171308,40.410737287516,17.5938583890328,13.1561610295691,40.5979038023968,22.5908502723947,46.9699667326107,22.3675189468638,13.7847385553923,16.1784332936209,52.1766832548124,19.0801419572901,4.2535477998075,22.9644978664391,21.12676545624,29.9814862999176,13.5104141987805,19.3464908133338,28.7203216213524,19.4990689399299,35.0335836536344,47.5596656161977,25.3632315436749,28.8466790317142,26.221288340425,30.0022750866275,20.4968930220878,36.4960055657835,33.6530805235657,58.5528166239341,26.5811816184938,40.1965561965929,35.0578755013091,19.4810562986078,29.8846622628041,8.04634352854264,11.4319531179287,46.7858383488011,11.7235153912056,24.324417186941,6.93710313412714,14.1919408824344,13.1774562762812,10.2721528264553,13.1835469611967,8.91354920655466,13.0381445193657,16.0778211267806,8.73414611656532,8.72406186132206,20.672868291571,9.41960567427578,25.4689339078133,11.6425351551469,8.49531043169906,8.07241307075745,17.9138062184678,16.6755988468801,13.1622418717162,27.9220572045057,20.7734174105857,20.7590233640497,16.3399689096646,15.5481030180726,9.31141227521709,25.2113243535791
"CCL20",0.0413347932426879,0.0184104266406982,0.020510413410343,0.0329327369173209,0.0259882027599605,NA,0.0291707548470441,NA,NA,0.0328036524348568,0.0470715828076589,0.0265987013266011,NA,0.0759924643080041,NA,0.0479608190508591,0.0127679165829763,0.0142489490048616,NA,0.0301576257247907,0.0705602603746466,0.20423941365383,0.288171637497593,0.540362701019676,0.172539669174579,1.03275639955982,0.14871959654542,0.815072332402625,0.180950458283851,0.187895184758195,9.96589932455579,1.12298085577281,NA,0.251477285384154,1.65175532987144,0.338837784503444,0.850274160064196,0.452294178853854,0.860949188338905,NA,1.08422687030144,0.578076901973558,0.537995744619534,0.646475081226873,1.51012363260571,0.951098500528611,2.67709190292674,0.258278596921033,0.716977624007914,1.42355674292182,1.55437363264918,0.896266699569406,1.71079472818336,0.657623305797461,0.813567150343667,2.41998817843859,0.270556161131429,0.0331464919177568,0.702547008523607,0.0608330858848899,0.344203419087447,0.167125061925642,0.0319952156383888,7.77764471376861,NA,0.0728715758711735,0.0223357730812668,0.141153160138409,0.24383886538191,0.113754853010112,0.0826409128214109,NA,0.0431349172936447,0.102948877158447,0.159485812953539,0.0330699956656629,0.0923336289739101,0.0412203338567155,NA,NA,1.38639017279441,0.017627845897758,0.160613678256857,0.103976783259797,0.125782227937223,0.00672616553389769,0.356506429341035
"CCL27",151.48171529679,163.596702917338,438.672212372549,548.367777607462,333.451489692479,244.665371026492,179.064174035,163.86147323475,NA,NA,93.6690558306457,189.536693368562,34.2097010745345,102.017044265154,59.2742249068107,112.283346905261,133.837010754518,85.7659441529666,175.460205223298,340.615511371028,153.029635686167,52.7463663705709,158.976109604764,24.0117170346101,45.9608423226882,19.6983106135187,19.4046880220112,34.6632094336381,11.5274379907034,79.5248220470979,103.680444624902,21.0828792277462,60.5476893904381,54.5938549629701,32.1556422535611,59.6727351319573,97.4776793410087,23.9286428046187,33.2051090931111,56.0833257960857,48.1678959171541,33.7153421488163,32.7858183370496,25.7351211076257,60.1850530542024,36.698944538955,30.8814088510597,12.1706417164265,48.3239562433826,19.4945642188031,16.2308501893477,25.4277751879729,18.6529684231328,57.9739681966941,17.7613171283098,87.1241034559663,47.5596656161977,184.48162723407,141.59894111372,144.507443815185,149.534372295621,147.612047882411,271.410614473207,104.160658686267,355.490369550666,269.660425204438,215.717588352807,311.624891820865,137.695092625233,172.246795553794,89.7599520411137,99.1815591627739,114.669136907447,213.092105129388,105.07920157397,162.354099113711,87.5680896373975,125.742917620602,82.5006358434918,152.852887945547,172.924682820562,199.281871703013,114.45737910299,99.9868641220342,123.582729558706,230.933447658335,315.975013200309
"CCL5",5.97387023092623,4.64281549385085,6.6884250768022,4.563053656935,3.1946685315856,2.4222257220785,4.45677471326462,10.6960048305501,15.0810651003317,5.30615456969944,7.15358515990973,7.65993974405017,5.09117863723444,9.14933146755874,9.178978846223,7.13707469006342,3.3442125384011,6.59329800458299,4.63531166969908,18.6486556855953,3.9613727027682,2.04769317278624,5.68633961852093,2.89052857260956,5.0876520269743,2.93630127206821,5.15986504687754,9.42178231675985,6.12198707929067,11.567458356366,3.49994762582003,8.95483386424631,27.7227794048028,4.32889857810286,16.0629689291659,16.2608789146906,7.53008769563729,5.81723398046449,5.17538671154453,29.5004829268669,16.0147939750666,68.7839470627521,17.3075946572813,20.4071102668567,16.6294283051194,21.014792894054,28.9668988138797,28.6474204646763,39.8175716553378,12.2496333834841,32.4467033532809,17.5491996751136,27.9801799006164,30.7816785492728,8.02777398807602,21.5159305677228,9.78564310419573,2.46741433961899,5.70278509409074,7.19170245703697,6.49351664781823,1.7605180271263,12.5881991256571,3.19984051333101,8.73616436596521,9.11978618154769,9.42613711075278,17.0417312542947,6.18025628980149,9.67101067058373,12.963050332728,15.7433064561302,6.12340172207132,41.3935286515073,10.4662060851769,6.47329387087239,9.47198414894946,13.0955069054529,11.2329633404298,15.9335960495113,12.0670406134926,11.4769442333107,45.8335883026495,9.15356246332821,24.9563204318646,16.8654627726518,9.50047732858728
"CTLA4",15.0897773185095,0.670356097267913,3.01571321033316,1.05008090615321,1.76703802308875,2.40493851475367,1.22943967345744,6.55532374909666,7.12224769981316,6.3115688523895,3.58258232670936,NA,5.99600164130032,7.91359713892732,3.08228560703558,10.8854874423296,6.94993476146071,3.75679325738358,NA,6.73417332771835,7.54489145222555,6.59481897511563,28.8700200818544,15.9078467810811,8.05378336638938,11.7533490662265,24.8556168078169,30.2738446952191,12.8616158518904,12.6465035653156,10.3424064289699,27.3537489043889,24.1675613690052,NA,62.5816012099403,52.0562686804561,4.17564770968688,11.4003009131903,12.1593988512121,28.7801059887281,24.3919523720916,25.2113243535791,92.1556043849399,128.667153925309,99.9637649196704,78.194758507104,168.546166023583,94.2225191787634,53.1132534777589,121.881329601354,169.209489247929,98.3827402162825,112.231460306444,50.6327872758688,29.0876196171855,100.798707757256,29.4052122713296,4.48881093786501,10.212989579693,2.85304005173806,13.5855399431494,NA,4.30197756182951,7.00313063755411,4.70110531367905,NA,3.9875427888815,14.2857017326548,12.5751177152441,6.51606050456172,8.68484439123388,10.589040765272,4.79655965516445,13.8006725118754,12.8437982194553,10.1518212484084,8.70593953336643,10.5341353764739,22.6378755010749,NA,79.690361320628,12.6202332237309,72.2036567972168,11.8132443691788,22.5335076305933,12.3633687943678,36.7159069710966
"CXCL1",0.0069754418484515,NA,0.000538785861517451,0.000194133108075532,0.000390064418517015,0.000767258442840329,0.000495956058211317,0.000249434883003616,0.000541031059353308,0.00157165513132176,NA,0.000630011667899155,0.000776082938338286,0.000343742875601087,0.000488619709570439,NA,0.001924901238726,0.000254596307334718,0.00043836659300747,0.00199002114224853,0.00226333661406322,0.000719858435005779,0.00152668367295648,0.0277763337864553,0.00402442950632842,0.0372745135067975,0.00901993863195378,0.0276355027094834,0.00804514050925863,0.00163291642243853,0.0069248570249599,0.0521929949642731,0.0314237681374521,NA,0.017301009132567,0.0144712497844171,0.00363624889100742,0.0267064741957775,0.0330623557568733,0.00491929287985791,0.00481138068097859,0.0557326539987076,0.0210359385824497,0.076291527919479,0.0550797822669777,0.00165647636402022,0.0219191145970985,0.0223435154119014,0.0396738807420903,0.0447076853886029,0.02031937728982,0.0633724674868768,0.0257729233940651,0.0189367601344362,0.00993911652344295,0.0197090220129883,0.00255581654581057,0.00129844444158371,0.00306159677125793,0.000789011163613661,0.00132910119383344,NA,0.000831689900445806,0.00671995210865116,0.00129844444158371,0.000351302143557329,NA,0.000512912375005251,0.00131870111930484,0.00057625700358213,0.00444685167607374,0.00357378031151941,0.00184201432962249,0.00193873768608403,0.000683391535935154,0.000708227262327839,0.000659655314714666,0.000523931806278345,0.000779048085751008,0.00100123753700058,0.0126914436930662,0.00150745780243076,0.00581770825900025,0.00115211464545506,0.00059823502534408,NA,NA
"CXCL10",4.59161124182989,1.01700945316248,1.79792587414346,2.06622823995387,1.98435010221547,1.05336098024998,1.69760452200411,0.744580402539299,8.29743972683384,2.34404341452191,2.8968807044615,0.578343816691925,3.68245307085999,2.79335744900928,NA,NA,2.23664058149458,0.688009309974694,NA,4.86688936590267,0.860650712143437,NA,7.81186318216444,11.9505076568987,14.2576733317354,31.7202741173664,9.04633444262297,22.6902405708713,16.7760752569425,24.8872226534116,5.51744368730824,28.1422674338499,36.2104282300312,NA,15.8619693994026,11.567458356366,3.27160823423112,13.7815539724161,25.4924830811386,11.6694662232145,18.878427146591,69.7280227262229,21.0099380067864,12.817118041434,13.2109898995187,7.12060586601997,41.1076026634698,40.757679210448,22.5256994650823,19.5758086581099,31.6616967548344,27.3853674543464,19.0229181048981,19.252848415992,15.1264338680119,20.601345600688,3.11881937044529,6.14750072515205,34.1149768769979,1.029540083434,14.4400116393989,1.71871857233298,8.78068403507333,4.80876580640793,4.88209375268063,7.32840888425439,NA,6.43378027690643,4.48466431211404,5.63467864446513,5.39391704244903,3.28524280300826,11.1399176804742,50.2481995951086,4.66863240727387,NA,2.98486703619277,0.733058378594605,25.7529655179497,2.41384549174877,16.7915868093853,2.41914961976669,6.63455636651553,14.8562696369077,19.1508076766757,3.90683411584891,2.67400099081027
"CXCL2",0.0288090533733411,0.00243027187027099,0.00302049425642806,0.0017186596768937,NA,NA,0.00519377812339595,NA,0.00721892728891044,0.00943343876194415,0.0125906817530338,0.00599718251535193,0.0152223343615347,NA,NA,0.00404260435907987,0.00826941178390185,0.00786956627244473,0.00485100848935741,0.0166962339281574,0.0159201762941851,0.00369639233539225,0.0116947132668904,0.0322848246151291,0.0108487051254476,0.0671252794762578,0.0125736877670467,0.0401348690309195,0.0202490775848958,0.00805816279224836,0.0196136248637913,0.0564714962283694,0.03125,NA,0.0281770945310795,0.0146664819834203,NA,0.04253123820267,0.0590262295846917,0.00963165879268599,0.0202537566557676,0.064771366878167,0.0393270741387155,0.0296053147062271,0.0671407905008288,0.010979833595365,0.0330394466188172,0.0208761574748453,0.0591559324505969,0.0408647296417737,0.0352638385310823,0.0305962785997464,0.0825264275634375,0.030919625737143,0.0310341404824074,0.0348185515881041,0.0159146583909485,0.012288903461141,NA,0.00984768274674207,0.00360821244575648,0.00299443597239169,NA,0.0183891677690432,NA,0.00345763189288887,0.00578954893265708,0.00497013240076748,0.0126606913764959,0.00383515340076126,0.0224288583813589,0.00908687532459258,0.00593857841478052,0.00966956474520268,0.00800435017994376,0.00446693197512536,NA,0.0138145591450694,NA,NA,0.0324193730176754,0.00255316059122627,0.00753070162297377,0.0182621445087695,0.0155439825859597,0.0191390982294553,0.0130693693153359
"DEFB1",44.9007116923362,263.86691543452,337.403938200097,387.217542454176,243.762574982291,213.782545058493,262.529119444703,26.3975620271797,36.4707158133421,14.4100206562547,31.2835792298394,34.5752075229778,17.9593905568781,13.2140385859475,25.6283217712749,28.6341927711605,34.6872464251286,14.9942029710991,37.2370502990598,28.6011318504689,26.896256267988,51.4940258411353,32.6572950429545,12.4839276827793,21.5856405494352,15.7505830895811,18.3282863676761,24.0394724869716,32.4392074389611,33.8402111834731,54.6443337210397,31.9926072841477,34.6632094336381,7.37001045886547,23.8238279198623,23.1082056408024,24.8814731482419,8.25537261015968,28.311834597748,31.1897481885296,13.948131832593,18.4728343182413,9.41960567427578,21.7810258639916,15.8711342788745,18.3494722694775,16.42323771948,15.5445110584573,23.8789362895422,20.9179079552342,44.7660566081412,21.2589730255442,38.791446447237,41.7682077164,35.4079152989527,50.1206539527001,14.1886622266114,0.217637640824031,17.9759984485063,26.2576639724338,19.1508076766757,21.555737229851,41.7103448023512,62.5382379797932,36.4454464120962,29.1077886079443,27.2717114178119,45.1295347355005,29.0741813879649,25.5455483634128,20.2567852740749,25.4160277752921,19.5803321528567,31.8230453975429,18.2058896137336,28.3970009342202,24.0394724869716,37.7219756702088,16.5412917799674,39.3693230320366,21.7257388097583,39.771599152662,18.0884890739935,21.9985012750619,39.7348593702342,27.5440092741322,38.381344190429
"EOMES",1.00277681771541,0.385686319261382,0.653609031854951,0.467919802677708,NA,NA,NA,2.43682001188554,3.92220955011435,0.751059192936754,NA,2.11843643410669,2.60810242219342,0.710549576531063,NA,0.60269492298208,1.60436227048648,0.27874159300768,NA,2.26498314247278,NA,0.602695369194126,NA,NA,0.903752726751085,0.564482202403066,1.83146737283625,1.40639319991312,0.802737388715951,3.12314597042956,0.231406292423166,1.1521538156549,8.15301310134624,NA,2.02090289297353,4.19014450839919,2.15447048326407,1.60380639943268,1.14472416059869,7.68120861933392,2.24310942384541,17.2357638661125,6.3481373072574,3.10264793490915,3.1931935454266,4.69784788485461,8.8295097346039,4.97144989408274,3.9222096883929,1.80834089138711,10.215349553962,4.51272854982605,4.15735707627984,5.573820979864,2.87388035308813,2.96185291814147,1.30812463143433,0.797560942812768,1.61776269672348,1.90924202827943,3.71278043457895,NA,1.93522324028469,0.468298395452307,2.06766147249593,4.70762694887507,2.33593478922624,4.7843844869495,NA,0.991373087462663,NA,4.76673029829618,1.78076852691222,8.4327313863259,2.02698207852268,1.87384289374484,2.87919732433658,2.0434401654286,2.07675831871562,1.96382539809209,4.37111095640381,NA,13.7402212814941,2.04627493946886,4.64388849966388,4.32889857810286,1.641483217621
"FOXP3",18.9877860178826,NA,7.57633182818522,2.04982322237143,3.6426794627918,3.80000149130847,5.24278461268956,10.2531798146402,19.2840077949593,17.6060567256927,9.57318674451455,11.9712385032653,15.6128902816412,19.8147026504453,18.9155479441176,33.1744336537047,19.8124175750829,7.47980332244898,23.4795524292193,25.5809855792274,27.8061740670909,53.1009762013047,105.127774143832,20.056528327051,21.0439457855188,14.0613837297402,34.703277082978,55.3303828037034,24.9851677634365,37.0140218849692,30.1412358561503,67.0268238605217,83.8651778469352,NA,112.95988123547,46.8615683408581,26.2880155437297,27.1585270818913,42.3806360076416,88.1975494751897,40.5979038023968,22.4659266808597,155.094100535071,140.507175649056,155.058270328333,68.4668309942447,91.9004486798999,123.63985010238,46.0033387949016,77.708472601283,183.8008973598,63.0314523453152,134.115607974434,122.163260842267,75.9336086341449,121.656253146985,23.6811406305727,15.2668797995206,16.6987321666204,12.0698290140016,30.5055534492211,6.23763874089059,11.5754790869642,21.2983042900581,13.2783133694397,18.9943705691017,13.2461390237836,30.1900240286515,21.2933839053143,16.7064504025202,12.3548021294686,11.208334406737,17.1206630047123,9.36968144975048,12.5316111130408,12.2552952241075,24.8125826031042,10.651612905891,29.0339039389034,10.6196673194259,36.1268609537962,12.7197640151836,36.8944865493004,9.18321931084001,23.430784170429,16.9240154178948,40.3920650275877
"IFIH1",4.51177305155691,8.41960372484853,12.4004150134355,10.332778422386,10.6429166631293,8.00955449654594,10.8967046486888,7.45063471612509,4.71230689635996,5.88844213278351,5.78307174355704,7.71785264964245,5.56873445735982,6.40724874267142,10.7563572093633,5.50807613056074,4.38123166012036,2.10627089727276,7.57971358023755,12.1815558206255,8.80919384525086,9.56933496953831,6.08301473971715,3.1525006470508,11.3168196125052,12.1683360822757,7.56461504254648,NA,4.97894472826795,16.4421835615064,27.5842592444127,21.8388502564298,16.8850358031088,0.916178110983497,14.7275444278422,6.85342426217802,3.20432393141256,15.4690568526143,35.5604086946819,16.7623207563037,13.2313955864416,16.2718532337699,30.2603478500371,42.3451548462067,38.0502756484104,14.7815603760203,14.8595652284389,32.9307850452555,28.1733653316063,41.2526053884925,43.7650303753486,26.7435052696733,34.8771439700982,82.3983380199795,47.8708328178709,38.0816741812233,3.48416995704409,13.3216418884952,50.6497531716521,4.6530606760365,10.4637639809814,3.01522361659672,11.6271854010021,27.3016580884295,9.43449305915922,8.46655462812434,14.4187580574635,6.45436425823386,10.1632505972595,5.76128249608961,5.37228807146696,8.93160840859353,6.67605111177315,13.2109898995187,8.83013197175582,NA,11.9177914344431,13.2030865826807,14.4424807503005,24.0042008275193,18.5208276662515,4.88409072660761,12.0942270760172,12.6776314953009,15.8297145302047,NA,34.4452943159176
"IFNAR1",1.25875699155568,0.549680901659297,0.47161019433205,0.404721258093602,0.276688192143043,0.269060018864427,0.263583824836356,1.10114153210213,1.19872371093986,0.851256918863419,1.09277795484764,1.07698623950303,1.19692515064825,1.27367748879767,1.46239521709169,1.20943494168427,1.00835245133959,0.865536622035613,1.29863818609668,1.6211310056265,1.84377996841926,2.14156696342757,2.49781408052148,0.294430697398745,0.489597014794088,0.360315678191543,0.221186207794906,1.32807197271762,0.348605362340631,1.14843297998021,0.546641413165572,0.785309542745622,0.711203009098624,0.174584816558425,0.91870059404653,0.501619962043773,0.757333157938488,0.491751037013124,1.01889119661672,1.43959866216829,0.959485782004976,0.608642366837628,0.724136377892283,0.848311877399154,0.837406487508427,1.05311768599144,0.764011715799249,1.09000392750439,1.22094651266913,1.13576681661311,1.2881792277285,1.14525325771965,1.12116607802851,2.11257125070371,0.817713104885472,1.01395947979003,0.411035051939436,1.11935423303079,1.10292396317724,0.597495602428392,1.10088720975584,0.43417041687938,1.21447545539353,0.562269358689348,0.77485593095917,0.728331257254535,0.706453577648204,1.28312939746983,1.25092908011327,0.698016639519713,0.798482853758236,0.851650458056504,0.798667363785823,1.12038921419418,0.837019612938431,0.818469181590803,0.969737827442025,1.04318859352986,0.923595681993126,1.14737209284677,1.05287439224725,0.581828820667602,1.16392653440214,1.00416754323897,0.914042614520842,1.08297504552592,1.07375635256129
"INFG",NA,21.3968591670741,NA,NA,8.75026757971042,27.4612831815291,20.52523926523,NA,44.3028355520913,39.9279510362938,94.9652069196818,29.8431338030682,101.781188640783,NA,74.5081912026568,78.756502270805,NA,35.4896670525869,52.3213236675391,213.560549799697,45.1608045396556,30.2597284262633,168.818258272056,NA,NA,197.905331264908,NA,NA,NA,NA,NA,NA,371.272161391769,2424.59423866662,NA,NA,NA,NA,NA,NA,NA,1172.19754045305,NA,308.045574655872,NA,NA,729.450700073613,533.249414641622,359.78718725292,NA,563.00346844905,542.570450223496,297.689941708495,NA,74.1307395964571,254.349185960635,78.6935694786602,34.016760339407,NA,36.4582610132335,47.6696788199265,77.074079236967,65.2621152985597,31.3740528250669,41.329955239076,58.4112293740029,NA,NA,42.4641611063466,68.9832332357745,60.6926214247769,61.5256417628959,129.622633878693,NA,NA,116.015507081147,66.1731404781245,NA,NA,30.4458533355176,NA,NA,NA,28.7934082948589,NA,103.836787454049,NA
"IFNGR",1.01252345855765,0.393853499596767,0.376564873137385,0.385366837889128,0.231098638700434,0.268631923607448,0.349666542929944,0.677241678455394,1.07532766527109,1.05388954230118,0.852558655986562,1.23940726781774,0.731367116206318,0.972193684053065,0.857030428916529,1.06323978909681,0.704200748939962,0.775158908488565,0.939423333735691,1.77504713322756,1.37378001289828,1.73642247376241,1.57155344232793,0.816220018792574,0.61474713016896,0.731260158621488,0.397879461237423,2.18554032913823,0.622826974346326,1.48601292757986,0.9234175135919,1.93838256480633,1.02541174916141,0.122643697271113,1.10888518865054,0.663661735129606,1.11770929001851,0.864850896503186,1.62401692358797,1.79119615118936,1.1416100970504,1.05026495823736,1.0922173655306,1.95182449429356,1.34153993367417,1.0998448318404,1.37684548786795,1.65512479601986,1.76745481541692,2.17398200711458,2.09887560842712,1.86690260697756,2.23502349906187,3.08420073638324,1.2435145027029,2.26974464829403,0.599754923070745,0.909103631843903,0.976945508673959,0.737109061949461,1.32830366451023,0.704666890045806,1.42087042962584,0.552885765280167,0.751742252766611,0.574659786097138,0.69707059056816,1.10247810161824,1.1862803517465,0.502661813908637,0.87608332659856,0.811284595394873,0.821221516953705,0.821612479454785,0.653510958473397,0.796367729697068,0.994688475459124,1.13556214912873,0.719613089148479,0.762199200518331,1.10813219619821,0.61467682599975,1.33729090488587,0.856018174958873,1.21758571104611,1.25641232452507,1.74191392140444
"IL10",0.57892301064268,0.17573133949523,0.237548800639862,0.0699003459537888,0.0718655121631327,0.225538152121598,0.167352471471371,0.281546165236209,0.363856983598146,0.32792627479201,0.779944518357991,0.245100172740246,0.835923837026747,0.377957528462466,NA,0.996886245490268,0.296196910967472,0.33882899741654,NA,0.36638780906105,0.453917163654287,0.248521643648146,1.38649595371697,1.52943627788277,0.34024990562136,1.05775096361843,1.13484872538582,NA,0.640527906940243,0.497924876547232,0.915416372296206,0.718138161292002,0.883110985944475,11.9975288423453,NA,0.416772887439978,NA,0.585605090609405,3.16345264559249,1.22094651266914,NA,0.483638164806966,1.06166847811817,1.02313746973443,NA,1.03271601493692,1.96223794999664,1.51606681185894,NA,2.20941842657088,1.59881166070495,1.74110112659225,2.09410434889967,NA,NA,2.13169347213588,0.897054517343421,0.387768514378147,NA,0.387565407862498,0.658839975867071,0.878593402328189,0.743944844894039,0.497407442750711,0.497526421183411,0.775393206347005,0.48071961306849,NA,0.512815478779999,0.786363122235636,NA,0.726482524785683,1.47761208496668,NA,0.718603352399511,1.55600322151088,0.699308041369231,0.356221141528159,0.896577375770298,0.323651190094301,1.04355019780368,0.520691225402126,0.672683604260914,NA,0.607307882602152,1.08837700463447,0.44658292617638
"IL17A",3.6656863239673e-06,NA,1.35105212691749e-06,4.42602448845373e-07,4.55045697369762e-07,1.42808647189061e-06,1.0673869947457e-06,1.78272396933418e-06,2.30390836801432e-06,2.07639848248587e-06,NA,1.55195135570537e-06,5.29299150480391e-06,2.3523183802609e-06,NA,4.0956241819759e-06,1.60668080206984e-06,1.84559159434294e-06,NA,2.31993331799414e-06,9.55338120679865e-07,NA,0.149415839423163,0.450968946893209,0.229622353684386,0.349124457862737,0.333827952557525,0.339361545183867,0.675644692014402,0.010830322397362,0.104696854219001,1.00792270045356,0.510067470127096,NA,1.34372694325923,0.250747982816744,0.0798627558536611,0.352315536089582,0.784988450700195,0.369053019728114,0.370063136030248,0.592308214672615,0.665675049496981,1.03631313695119,0.649038066135391,0.302074575224714,1.3650716398103,0.76089889196966,0.507103920525028,0.780681867626394,1.87026581880816,0.580018169679101,1.89795615744721,0.865322607346707,0.578594694716869,NA,0.0798109219587409,1.45468712462328e-06,NA,1.55909505646446e-06,1.42475009649441e-06,3.295983203266e-06,2.7908583269911e-06,NA,1.80338682939759e-06,NA,NA,0.0382125408603481,NA,2.94998760028055e-06,2.6771702552027e-06,2.6771702552027e-06,NA,3.81242482556807e-06,2.69579144692312e-06,4.96126799623765e-06,2.82981725740357e-06,NA,1.43466001710889e-06,1.30198144689396e-06,NA,2.46349900745777e-06,NA,NA,NA,4.44045924022528e-06,2.0289156535898e-06
"IL17F",NA,0.00320219241931358,0.00388808565437916,NA,0.00130953988582735,NA,NA,0.0051303597787159,0.00663023498221223,NA,0.0142122198086297,0.0044662375952729,0.015232280034622,0.0067695503131267,0.0111506816576641,0.0117864716767078,0.0046237391239277,0.00531128152559118,0.007830258857546,0.00667635191351881,0.00274929173204564,NA,NA,0.851781322179977,0.695988319884639,1.22310647486455,1.56319201180048,NA,1.72777457562527,NA,0.492318548013225,2.02230416170261,0.417098491608813,NA,4.68904784576353,NA,0.549189139181288,2.18459372099819,3.84497708460211,0.599067303542281,NA,0.701831529432851,2.48103141008951,2.44740862970548,0.976854095402659,0.501744568750248,4.88260138049772,1.75993848093711,NA,3.35070575350113,3.87217726638761,3.67107689409425,6.54844940175878,2.62324035332067,1.95074472659258,0.79440136118526,NA,0.00560995803605943,0.00549450676912751,0.00601260414899073,NA,0.0127108621124748,0.0107628629098245,0.0693319909481392,NA,0.00963303213925371,0.408738487090111,NA,0.00700308199446908,0.0113765402637734,0.0103244282106113,0.0103244282106113,0.0213770367703286,0.014702504012749,0.0103962402878372,0.0191329838515933,0.010913106877097,NA,0.00553272408599715,0.00502105308912704,1.78805981620582,0.00950041133916763,NA,0.00512655608781827,NA,0.017124500228836,0.00782445343928546
"IL1b",0.0813150763092881,0.0256896928293199,0.710545968984633,0.181704542550209,0.0119487170664715,0.0363811170024018,0.112838644468134,0.0429707766974124,NA,0.301451861272717,0.0229239662612464,0.101390876931761,NA,0.242154581882443,0.130217881799158,NA,0.0650864128127564,NA,0.0250942386255302,0.118791174186588,0.520751425548133,1.05165884792982,0.990571492652469,0.512752076144348,0.130670012525646,1.16271700470412,0.6437920500215,4.11150523745123,NA,0.167996141152839,2.38943027031209,0.588725354642236,0.50034669373129,0.00804885901265683,1.59807302351624,0.286445649847954,0.302184171754751,3.20872466540995,0.527045711645369,NA,0.182630547318209,3.18214593501967,0.660669202829133,NA,1.67210641657706,0.363325198641453,1.61626825720485,0.538306592915333,0.505459241050383,1.09479948917607,1.37872366898574,1.0076537604105,0.972879704387692,1.44426285255015,0.459350297023266,0.448910578927744,0.0872319227576354,0.0933957039455715,0.193803518292624,0.0169332182319497,0.112578247480991,NA,NA,2.17447431341812,0.0351702646194421,0.0515101303095775,0.146452020260418,0.115582909764212,0.197510327965844,0.037008487870426,0.0142144294266545,0.0718600292764667,0.0541835977196679,NA,NA,0.0584967385264423,0.200869904630765,0.0544660102189338,NA,0.0343233298878755,0.55427224292505,0.0383003131991535,0.114044333187645,0.0496406792486175,0.0529582771841324,NA,0.0839980705764193
"IL1F6",80.1890789379711,10.8453172144124,10.3555578933978,10.0723869264087,32.0148004894123,9.49389217216633,8.88682006115046,18.618525805931,46.7642472714873,63.9113433622117,35.3833678080127,60.6737281212103,83.2858611306783,53.6311596017068,47.4608648027129,31.9556818205659,38.9981418670447,58.3906959159156,116.619639802315,70.6687302047518,53.3469461430221,40.2895320810226,48.5029549231175,1668.1114891678,1299.1329216767,1936.63094017588,1285.99263657277,2478.64051612848,1979.1519527592,1160.0730985429,2401.41106815352,4209.2087170715,2704.22597839872,101.82866992063,2670.07891531079,1227.06843785156,801.374800004052,2326.58793428313,3072.07985005736,1944.25266370666,1766.07798371812,1615.38985263756,2038.55806280337,4571.12429621329,3716.33970417963,1247.6521100034,2490.12077195898,3361.7576296878,1532.84913847572,2180.83766184254,2250.9734628225,2356.88665887734,3043.81859943665,2374.9257046791,3023.49190283844,3323.14454997464,644.632597385163,143.708342025422,73.0426228769542,122.361000651999,155.094100535071,402.357282066846,152.359255523616,2026.81683233834,118.192935773363,68.4984766993039,103.680444624902,79.3412927960951,181.228578561015,64.0295811138676,336.469828607607,36.7668413227391,64.8484416101815,191.561877004288,68.3403943069157,110.176037096529,124.069096567688,54.5056293156163,169.170398070619,92.0066775898032,587.04746018871,36.9115393619207,162.185383908182,73.3639798866162,49.6767883534083,249.921868301139,98.5647583022172
"IL1RN",48.8967549827596,13.2323702563058,16.3286483849835,8.38610264241815,10.5001162796173,12.9870375537505,14.1821080371085,30.6645499090679,63.572611781242,47.2093169732554,34.8076761162423,48.9419550256763,48.9645914283971,32.0443785129812,41.0696251022084,42.5572697933168,34.6872299158627,31.5886200204059,58.6611395053375,63.852281288681,67.7273511232776,64.0740123068519,63.2356509620942,137.567894125504,100.542849118775,78.3756356387388,53.3099651308648,175.825437878992,70.5871336433434,107.983469542992,287.084838995304,104.570589007428,98.6672914223675,14.8014505922489,166.225741149425,87.0637345539811,87.0838528720939,103.776309994444,115.867595255519,129.158609132119,65.8296976581634,86.4024310478557,83.4592470565479,182.446963941124,164.810764805504,95.4054647551309,108.433495321407,143.144986617747,98.0876774532981,38.6304523666578,111.070611751472,132.759074477156,149.154807301656,279.621858615476,244.948277003095,289.415825183895,118.932566304117,48.8854535681031,56.8071255852479,60.4917572936169,81.873991925443,52.9050426102187,88.8315340169979,224.514788551542,49.7054910804371,67.8840154475659,56.9780101231182,77.3859632533351,52.164629273768,54.5812425611843,68.0410421617911,44.7867476990463,31.4575265457971,69.2783821056962,67.0732994198431,67.5086282923559,75.3742585340788,39.6065371963502,55.4455588096056,51.7325356035563,71.5724933088737,40.3454292273498,67.7743124194203,36.2774212089095,57.9337976277593,88.6879790399944,89.1811356778239
"IL20RA",9.40655584461031,5.52765268914475,9.14722215315039,4.01945618862059,2.16095111775805,3.0773028076735,0.109045340528001,6.36576259335317,7.0714223426714,11.5434306344008,5.3319626398793,8.53268642714764,12.1341372401098,0.13764271213646,9.51145975664034,14.9492353892682,11.7968763363424,6.07829442901994,12.5969294015405,15.6237205807297,21.0390778585001,34.0205264782123,28.8333557744649,3.41527085756498,4.41169585270896,1.6324060923018,1.53865167506482,20.8407217060335,2.66474965018404,10.6910625017219,6.10785861380797,6.50027160297783,3.88792395192541,0.48880580828189,6.51606050456172,4.14872107741112,8.11167583832023,3.62923799236292,NA,9.09138440609292,3.83882998362248,2.87388035308813,NA,NA,4.4815568567767,8.92797714104158,4.99101532384693,NA,7.50230197124162,11.2225866737144,11.1347711346488,7.91450981586579,5.18376386173333,24.749600509946,5.63858565999287,11.0119648127256,7.93923499748655,12.8824343324538,4.02038408035524,8.35129541937375,10.2935353919576,3.62923799236292,12.1341403629955,6.98535450222519,5.02456952457411,4.90867392250024,8.79692919451641,12.7432968736351,6.92109352467991,4.94624373663635,6.35107144745322,4.33039912003411,6.03212642858328,8.47570475487417,4.49607676078669,6.83685739411904,10.035217636168,8.08547949853356,4.95367767974153,8.31471415255969,6.39524664281978,5.17658261793141,13.6579274143838,5.87124584157634,11.4981777486311,6.09235495881305,9.23641715912067
"IL22",NA,0.000584886731654623,0.000710166477525582,0.000232649366947713,0.000239190030921725,0.000750658778546469,0.000561060855545705,NA,0.00121102543540451,NA,0.00259588984824603,0.000815767064507675,0.00278220585101746,NA,0.00203669389482545,NA,0.000844535027909843,0.000970115997297411,0.00143021215201723,0.00121944878344043,NA,0.000827154748358041,0.00461467538545617,3.36590626377912,4.52146407218024,NA,10.3077675256096,2.84243035351704,NA,NA,1.08774847933352,1.68960967387997,NA,5.59265697738318,25.2779927002229,NA,NA,9.60516235625119,4.31888828680447,6.32833073161884,24.4002665017942,12.7633635216483,20.45008592741,NA,11.890685632054,NA,18.6723723874445,9.99512770496023,NA,21.206578969937,NA,9.61930947443202,18.4775298590207,14.5223195665077,2.29052239207565,14.7009756548811,0.00751867666785266,0.0032500879547622,0.00318320211183687,0.00348335802082298,0.00318320211183687,0.00736394453948814,0.00623538551930921,0.0668388165754436,NA,NA,0.00402915906299765,NA,0.00405718408054681,0.00659091498376503,0.00598138159883366,0.00598138159883366,0.0123846291307655,0.0085177876357598,NA,0.01108455356618,0.00632242825744905,NA,NA,0.00290891020223318,12.883163589309,0.0055039934809216,NA,NA,0.00654538820844056,0.00992095334177518,NA
"IL22RA1",13.5451112084716,1.1461148862165,1.31428531425758,0.677404746131682,0.786997522941713,0.73233449964353,1.09242860775691,7.30905049220624,18.9912834177676,10.2301566629292,12.3978037459035,11.7519017404102,14.2730887357099,7.73687339856007,11.0451338735269,11.970819377494,9.99666124086072,12.0576010859706,21.0998011858093,12.6882130870303,12.8382486211334,11.1574620930712,28.4357246832129,11.6789607752129,26.7568553740863,8.40429420532,10.4290077750347,38.9287738678987,12.8869891432292,28.1130874947056,14.0105983653637,NA,21.7617096896536,5.88633642592956,17.753849899592,16.8170956655193,18.5523495183625,13.8131456979143,24.267495735803,19.9323512835742,24.402155190533,13.0118422632106,13.2232661947911,20.7431055785358,24.0999792635707,25.0024343975583,26.9627049639573,33.0844180987602,21.259464217792,21.8210204737346,29.8802435027139,23.2096039572446,17.4732572585827,58.7227109357518,51.5102153569824,66.4340056741021,16.4546868620906,25.2263574700224,13.143005629558,13.6175003580591,23.5462705439812,10.256974475398,18.3794709367124,9.84449135333048,9.32822982399041,16.3682328279072,12.6559450276299,12.7709446075211,12.0462872960929,13.337471964061,11.5711739370093,6.80183181283405,10.5222889394596,15.3242723546608,16.7717733415821,13.1953099439031,14.322419593371,8.33589246523221,13.849000943676,11.6054857248051,14.1936132886141,7.08065750074223,16.4391446815194,10.9752609231578,14.3890888322816,18.4786185411483,22.2378694160697
"IL22RA2",8.20422466949424,2.03876147916955,NA,3.22049622316702,1.40837481452555,NA,NA,4.38561145035121,25.2438753565866,15.4911839008799,NA,9.6596103854397,36.5548265195259,NA,NA,33.5353905842061,16.7989307099311,3.88447465894049,11.2464907386721,50.0070178067901,25.850166479608,15.5346787242997,61.1113169633353,NA,16.6715345523286,9.8266522362069,1.81927672006507,42.405074106118,6.54843427164561,39.9314899874134,9.87061516247212,7.41288433063712,22.447403410777,NA,41.730009193667,NA,26.344684551089,NA,20.9624194257689,18.381466928045,38.2954211677103,29.1637971464145,NA,NA,58.535705479488,31.3932684124876,20.9836682660281,NA,21.831761993615,27.8731342532891,47.0459947644493,23.9246348397529,29.8239615494821,105.681814598853,NA,30.6149622700594,NA,40.928815217147,19.1146913544007,NA,13.1421857517749,4.57242656531538,NA,NA,11.1934665928888,NA,17.3478503746709,28.1624316120751,NA,NA,NA,3.06353004426235,21.7503241979508,49.3189438469665,4.27691341344684,NA,9.03165263558648,11.2628106985461,11.5600441286673,NA,39.1205116307053,5.50251052632138,38.3278189873357,NA,NA,7.0129916000727,NA
"IL26",NA,1.20890175127656,NA,1.81899553288143,NA,NA,NA,NA,NA,NA,NA,NA,NA,NA,NA,0.364505156695694,2.38166169663639,NA,NA,0.809156125196744,NA,NA,NA,NA,NA,5.74752166849926,3.21656312092097,9.19656434874097,NA,0.707003861572202,4.33128468373288,5.82155675941278,4.06856488834306,NA,NA,NA,3.48848347599212,1.72319185201384,7.73244678679427,15.6867545794355,NA,8.02268414986085,NA,NA,17.4583462455765,NA,16.3781821549545,9.15658730147085,16.1352049724011,15.657478578132,26.6997624300143,16.0762052850075,18.7108085761874,NA,4.27649839931741,9.618720521373,NA,NA,1.77435539059637,0.953179612991895,NA,NA,0.271265465533475,NA,3.63231671001806,NA,NA,NA,NA,NA,NA,NA,0.724360609381794,NA,2.47868510253912,NA,0.711894322189505,NA,NA,NA,NA,NA,9.57677561718547,NA,NA,NA,NA
"CXCL8",NA,3.29696868576607e-05,0.000789375865140753,0.000557786713503209,0.000268275051935868,NA,NA,0.000979500432798066,NA,NA,0.00267267419307245,NA,NA,0.00135077248438064,NA,0.00266066005506305,0.00244152749574526,NA,NA,NA,0.0037135119047055,NA,0.00465017123518574,0.0908522885714303,0.00921053069713135,0.125390503995131,0.0440005896215769,1.01700962526629,0.0396555517515955,0.00144671855275422,0.0907473924939934,0.080177060367177,0.0765210245250128,NA,0.380244688310252,0.080716084393896,0.0075516101333201,0.471937156340858,0.183858358023248,0.0325996435478081,0.0148026573531136,0.471610147777163,0.138472045950682,0.543869841527413,0.697210724681263,0.0133501522014021,0.129917408633745,0.0973280863827077,0.102521613899591,0.309140233539772,0.487227229046427,0.204003621247116,0.161469471847923,0.296547133874536,0.0849838983008012,0.0668158103975852,0.00283192740796651,NA,0.0018951135386383,3.1429960836026e-05,0.000839605943596686,NA,NA,0.0852198506470571,NA,NA,0.00100332171814352,NA,NA,NA,NA,NA,0.000455334583276858,NA,NA,0.000407535867693328,NA,0.0021173859819071,0.00159138652109939,NA,0.0449874581927591,0.00147251699469302,0.00183946252472927,NA,0.00184435659378496,NA,NA
"KLRK1",37.7001942899463,12.2270125540818,27.448714144605,25.5042718562125,23.8073088914969,19.936401803919,11.5875215922816,25.0545303254404,74.6291317894747,36.1101677277583,20.706330763728,18.6874785114598,12.3248689749741,30.6893614415035,40.2802329603739,62.6105410807177,22.4918977924536,18.8697048774491,51.8521960295268,129.487247272647,10.5633794508679,7.71678808842528,NA,5.72522873600524,6.90671646859529,6.0418903422513,5.63532962566931,28.8933717671901,6.62077452862564,34.2571525182294,16.8713089096365,21.014792894054,44.8488783705839,7.02744374590689,32.0777267292113,24.5389225547695,19.1066109931934,15.105478706404,NA,NA,35.4652283928072,100.403563701592,30.8778414968753,NA,63.4552078072581,55.2026900475015,52.5031957293207,34.8479044907554,73.6697274449768,41.7875131868454,61.5206994168807,42.6064516235639,42.4198221371699,121.179344798299,29.9745599058849,35.1146220025358,15.0323639874242,12.4349890611934,20.8022354525325,16.4042758062175,24.100647466141,NA,26.6395904895892,12.8126767364812,21.6856182082204,35.753188418311,30.8030221792561,63.0023323583244,29.5789718325551,30.6610103624186,29.7950342345673,30.1970002112188,19.7051387109012,89.2223556360884,NA,49.0778451095389,34.51934855595,47.5376934611465,29.5892248996384,49.1118750720284,75.2176850188653,34.7153064067137,82.1392574440259,28.5747043539329,98.7243003479892,NA,45.5696062591063
"LCN2",0.00292498647007613,0.00240900983690526,0.0336429338742057,0.00931575448441015,0.00776643196438427,0.00208113100586604,0.0088116302059943,0.00280179995208308,0.00391042555377234,0.00628485568772226,0.00150685885111296,0.00652510123419744,0.00152389934858692,0.014086213519453,0.00933098867395847,0.00186805027722004,0.00179116753505066,0.0043821381023229,0.00515279412213489,0.00246409654796574,0.00691206979210456,NA,0.0251723258431474,0.155969246888493,0.145452735404748,0.423191190342602,0.129816349709395,0.268662276160131,0.112011130148131,NA,0.00249185614632081,NA,0.125469968628269,0.0109067418293371,0.428676330816697,0.151693692083666,0.0340763352724924,0.248398264683063,0.449183031257246,0.159518722547637,0.299748824278466,0.231984823696006,0.113239367398038,0.419108591106585,NA,0.0746352681697625,0.419332145070787,0.18998490050624,0.148894049152345,0.249716923119467,NA,NA,0.317779581276982,0.2174241350561,0.268130083470932,NA,0.0550089623694271,0.0040387512294379,0.0162169857379442,NA,0.0142302090539151,NA,0.173882000013053,0.166176006823108,0.00459367975774649,NA,0.00673385793445838,0.00449922427886068,0.0125009654892472,0.00237823583385131,NA,NA,0.00280581090793702,NA,0.000492552627465981,NA,NA,0.00369544973696605,NA,NA,0.0516435505097006,NA,NA,NA,0.0117205696467507,NA,NA
"MICB",0.0855552423902137,0.0359798625616899,0.038553349872073,0.0119128846751572,0.0244390700800097,0.0137254792599363,0.0258893059409872,0.0857333477654625,0.138504058620412,0.130972235549329,0.135324948169373,0.120797862733062,0.197738653606694,0.131700552482927,0.145793691269556,0.194050042758135,0.149477469854128,0.0527628572930292,0.0974293582872225,0.171031496224259,0.144485759618775,0.0628257570913859,0.197510362782259,0.117006993450071,0.17249980865122,0.140145759753564,0.106628622974551,0.207809474035692,0.116440647052776,0.212225021554825,0.0556104568724233,0.179825144270542,0.344282956152084,0.00174386007478697,0.177882932654324,0.0836977896229073,0.0769287494652662,0.0951051098174945,0.0960768947424634,0.216734390878672,0.189070999660495,0.164595865257405,0.171347850622463,1.24746557191405,0.0994190871288392,0.178438644621261,0.224222039915504,0.313310856567738,0.162630152045226,0.290780010386963,0.299300515062526,0.208965015323631,0.233204360010864,0.188416863694798,0.36023243720948,0.216234206164006,0.146604368653985,0.139886954645312,0.243107560590192,0.166700846261048,0.16985002472394,0.0875651125526331,0.11192984448814,0.0556876027963295,0.114387396015991,0.103772781872811,0.0951270863024599,0.171189564737938,0.0962101779634222,NA,0.137452018664319,0.172181255797892,0.0744457517193378,0.290377182981431,0.137452018664319,0.108969779942133,0.155609279422771,0.143255920246254,0.197875742181484,0.115156413419773,0.136534110652088,0.155142586750545,0.261219288215212,0.143057462963708,0.116925918484143,0.251680730199668,0.252088113723649
"NLRP1",15.9593836773961,5.58155325549613,6.55986917465134,3.085134211847,3.72868314095434,6.90512018094732,5.35665713837246,12.3234430819078,14.3967047565008,8.02962997449949,12.8675631849801,14.4500242133735,13.3861244083463,16.7567044882239,12.6874752192563,23.9286417922845,15.8858099977696,10.5780359461045,13.9674825907242,30.2388869079044,14.7672923422004,14.4033540584369,16.1709572297212,5.25491222579242,6.9869686482846,4.21149756898901,4.63210085857983,10.229520855974,2.76574216206631,12.374800254973,4.7601267852267,7.23670686166167,NA,80.8401447581311,7.90080689156298,4.16986304336449,7.67765996724497,5.73449588910162,8.22206057035089,NA,8.76851985582339,3.34807845175373,5.40639404553172,NA,6.75364649543371,8.53860270431968,7.58772118272978,10.3603439908354,12.8111966435169,10.1870658186963,10.1659044204157,12.8289690492296,11.0501955851509,29.3916273170418,18.0425748327325,21.1194447459405,13.8581874112955,15.4621246309312,10.5195420816406,7.10253154182851,NA,6.9242924880493,26.7289884159697,3.87715926774026,10.5171118320935,25.2900853366399,7.93373384590635,22.5439227283285,13.7513371036626,13.5761264272943,15.4228769238503,9.74052814930389,9.68666467160443,15.1789490422473,13.4217417663152,15.7906647341735,14.8975171172837,11.9036601112512,9.79695445484235,12.5881991256571,12.9032865108937,9.2087159306221,18.2733174289728,10.5829260616452,11.7968790812973,18.7263782635934,26.239469853013
"NLRP3",2.42191293042079,NA,1.02666535000834,NA,NA,NA,0.270313599327556,NA,3.36677544397699,2.63678145333154,NA,NA,NA,NA,1.44194670928548,3.24486622061195,4.87084137234213,NA,6.43548554001771,NA,1.69364381754539,3.5998430308179,NA,NA,NA,1.68069157640976,2.96364983800525,1.88259151798305,NA,NA,NA,NA,NA,NA,1.70181002934755,0.567716797413944,1.07562485665332,0.553021190223759,NA,5.05082830344695,NA,2.85624552531384,NA,NA,1.89054213054481,3.2733775231736,4.38884098528471,2.99434405722862,4.11838869936552,6.77396249890022,NA,1.69388390619848,4.83793035171427,16.6152949677647,NA,NA,NA,0.845334947743596,NA,NA,0.598088133959519,1.2490901232702,NA,NA,NA,0.709187985223793,1.09628659356456,3.37050554804612,1.32054182853387,NA,NA,3.90793101428109,1.94961600533551,2.54505176455966,NA,1.01160775368338,2.66407247954789,NA,NA,5.79251550178652,3.93209996637499,NA,NA,1.51489730855984,NA,6.2336190870311,2.48981750220663
"PI3",0.182672782942612,0.015417008152122,0.118832347434817,0.0196999188374008,0.564482321808983,0.0328947213232304,0.059788001870937,0.047344258619006,0.028815729139753,0.731366542221603,0.149235975667061,0.221441895389592,0.135888922898034,0.111131006544152,0.274967534812393,0.0345062064922087,0.0920779878298758,0.0891678027189878,0.135309281374656,0.145490872196941,0.277520578173032,0.391386797839505,0.34707836261994,75.1308403148251,124.701355176198,103.536812590303,51.6489339519459,102.040636997189,74.7499132552395,10.2460788906382,78.176693768642,146.93150897344,77.2609047333157,1.99169950618892,96.9610443864356,69.8408881315159,5.00371632045306,70.4730622782697,103.357552328014,49.0268443724477,91.1181573213016,81.7039166375444,92.2834477734544,55.1389542215691,72.3372409134836,36.4370266986738,129.786813413124,63.1334783333902,53.0519300698697,119.152603660531,65.0585456381942,58.464946896517,111.301816901091,67.1508303087878,93.1833311359415,110.379873982382,24.0394724869716,0.324060106492283,2.94377348965747,0.490502819118229,0.81131458739615,0.119134788999818,0.0543717095442907,73.6016736122092,0.648419777325503,0.0632554384855217,0.0761858386796479,0.233635811819849,0.332094714487561,0.045060277233132,0.326238736922239,0.107494394390171,0.114387396015991,0.278934830581241,0.100516204068652,0.0746179567915303,0.0702674327361636,0.0974631053264154,0.424106941114329,0.0387498176978299,19.885799576331,0.0278920928585305,0.422298003997783,0.225364679935267,0.351435864598158,0.130579470358029,0.197784325296362
"PYCARD",34.872058124258,67.836974071684,48.7388592591501,55.1007466938765,90.3843060982103,63.3965978804076,57.8134610035539,16.1971319826885,32.5668846163267,36.6947197094429,19.9825203935547,33.3974772850522,59.0555368106053,29.664523047725,30.0022749808529,28.7801053799371,20.9227415028239,28.012510797903,73.8913328443664,42.38063735237,27.0770820598639,24.5049288174379,30.4773723883359,96.6479124867653,170.386434320464,84.2925564779949,79.2863166581702,115.520093115191,71.2096077174294,135.611276077987,61.1663662617928,76.3029360706714,111.121949132934,125.975554820326,56.2845348676998,58.9056181555273,75.7233675579067,61.8342101369869,85.4692367165994,47.9458264600527,58.2021281152469,24.2626742102526,43.9970025501239,58.2021281152469,52.6489674868649,38.2043938772635,51.9361320016809,61.3787205026939,72.9751483441312,59.893740655147,47.3732255360016,56.8071255852479,64.0443767976052,116.862371940818,120.564943424601,121.909493421505,147.475688403827,43.2311707051404,58.973707916717,29.3305726480291,44.4465643444835,NA,76.8514193590534,44.4773830349548,NA,63.7785768209835,67.1508303087878,41.2979996944569,42.7840158529643,36.4707172277065,43.6426459588155,22.2181480969166,16.7993479631564,39.652318901789,24.7096042589371,31.9778269756945,32.222577601815,20.4212603012633,39.8820224483927,33.9106531389685,32.0888459488345,25.77677731356,38.0458362097963,26.0161095667986,29.2899400114636,38.5502060618985,41.4126609434513
"REG3A",146.62630489866,NA,NA,171.769943184835,66.9958254513605,NA,NA,NA,105.859057218735,NA,NA,NA,NA,NA,NA,NA,63.0281118374126,NA,106.73751649078,NA,143.807876555266,NA,NA,NA,NA,53.8733547131495,NA,69.2143848629516,NA,NA,NA,89.6356045367811,NA,NA,NA,NA,NA,NA,NA,NA,NA,NA,NA,19.6937282367589,22.310707360819,5.294520382636,NA,NA,NA,NA,209.673394652116,NA,23.0974927567456,NA,NA,NA,NA,NA,NA,NA,NA,NA,NA,NA,99.8714214622341,NA,NA,NA,NA,NA,NA,NA,719.075776377855,130.569702636284,NA,NA,100.358189861745,NA,NA,NA,54.1546961316338,NA,NA,NA,103.897313784078,NA,71.9545765168091
"S100A8",8.16998572218727,10.133073386746,84.234148386882,51.5178507888866,250.615806293525,19.6755739621318,61.6630069686705,0.874784669299352,2.62867050819455,14.0711350067375,0.307999384800531,4.64120761990932,1.30948564468174,2.24336903170183,10.7009434079078,0.785309559357424,0.493458232929808,6.50853543590504,2.90928897801524,0.653609221961176,4.35800248052284,54.7960505973424,30.463286950166,939.446156257888,1444.14511153602,1205.7095263073,1083.38727344122,1458.56436128751,1044.30928619686,731.64499954744,695.866461988825,1132.79152890976,770.86442160039,322.763433818799,1252.85175411903,617.373607777669,185.164878277555,1169.22213656731,961.404669251023,574.236012504424,958.74278137292,554.483223309274,1092.68865229864,359.288761866003,1046.60402716649,519.867443645148,805.0865071517,888.154384699557,761.834247120077,1140.67071709292,1090.41883092127,938.144709651366,1094.71023755404,874.309339536635,865.266057638414,980.245973191984,473.208878929671,9.59977105898572,104.064438267194,5.37525550715388,52.990677464658,13.0501998934242,1.66478207132334,626.570628891416,2.12579134871711,1.64091442145944,7.24507186414258,10.0933510605371,14.0939099860317,1.72907446261573,13.7085112762971,17.4279784982814,1.320422841015,6.04887424095944,0.282175897193313,0.730269053442552,3.5031837594397,7.03881873196765,8.08921664681043,0.346357383331429,291.765737821652,14.2543794902451,24.510590448215,0.653835674268379,11.3845076898768,2.82450880876951,9.05888402174514
"S100A9",9.26848557185227,2.22632997105165,37.8004997921126,10.2070921369827,107.784036782116,2.7282954389103,13.6453072247047,0.631855435804436,2.50185812494513,12.9990434275135,0.704660303041993,4.11625931747439,0.469218799826208,2.12530138226769,17.2357661751897,0.356094851174731,0.516915433730399,3.15651764655178,2.23147951790291,0.712765552605172,2.74346751538188,40.0112432391939,26.6796191692922,1598.31198922011,1802.35397947246,1451.16917402441,860.083747360844,3236.00921339239,1669.26813676058,1097.24247950383,875.724542120905,2376.57244838728,1320.62028867163,151.621794343596,1998.45125243961,915.236006253349,229.497294098647,1760.78128382568,1556.94255463225,1659.27044258919,909.964634750431,786.334858087474,1765.66998019604,1892.83551571868,1668.88249847881,796.575151588935,1412.13927280362,1586.90494660438,936.195919469866,1532.4950160343,1888.46718548507,1259.81833702517,1451.16917402441,1567.95307308596,1514.54283534309,1585.43901252807,926.726617992095,6.82896370719192,154.664683953913,12.8586445309093,87.3256356076122,33.3897487718633,4.49088568829443,1094.71023755404,4.73818107323738,0.751233515217863,5.75972527405874,8.58013293454354,17.5289377506546,0.274523203446762,25.6520105407806,18.8915172112877,0.4297789316308,13.8806189944331,0.96259444310175,NA,1.99492337463088,6.5674500983731,14.1591883881391,0.261581666164699,335.53822822458,9.23001718092801,33.6258772301186,1.63429301148659,7.86256478836201,1.56157298521478,8.94036252832115
"TNF",25.118291406367,2.02791935280192,3.84149184792052,2.89253367529187,2.71822800298255,2.41719368659922,2.5990773093929,13.3521469921385,18.7393623049051,20.0194810565937,14.4450155056053,16.9553277052377,12.2864816378211,24.578650503543,14.658511553413,16.1597586979057,16.8771504684898,8.91973286305159,10.9662632130755,15.6526311313939,21.3673097817983,8.88271167114916,27.0583194921431,8.97243769538163,8.80709767804673,10.815286664225,11.9394681447711,16.1224601665681,15.1334253799285,16.6717464105058,8.04820284344143,18.1848694893466,33.5831736187707,NA,43.6426459588155,23.8403470634526,17.7408102976491,16.8693599721795,16.0518387854008,40.4480991504898,23.3659102184372,14.1755551759961,26.9397893833235,33.0978744922992,30.3789478704166,26.6426681935347,25.9201111562255,29.1818612966326,39.2240517943556,32.1259378583319,50.7381847430582,24.4992667669682,24.1062165414274,40.7200285175354,24.8642326010896,35.506223106171,13.9191576433384,10.2959139784102,20.1633949936253,18.6529684231328,18.1554820814812,12.0754077481645,15.7505830895811,7.70609515216118,19.3420213411675,16.1522883593347,10.6000561363617,21.4464457116708,17.3276007284148,9.2535054712423,13.0547235318966,17.8807250566423,9.4785519040041,18.36643862168,22.0595787037719,16.1485568193896,20.2287228627505,19.621090671727,22.243830339889,24.5843220598503,47.9458264600527,32.4992232754185,38.5591140798332,15.8271910972987,22.4348038710569,11.1837594734319,66.980380504441
"TRGC1",30.3649009617701,46.9374444114788,36.5677549876858,46.5486129811914,24.5105951145063,55.6766635500114,36.2774198659916,NA,72.0703450314593,34.7755165203502,NA,52.0382365327421,NA,74.1307262676059,89.3461679726116,48.6376190681624,18.9965614620239,13.4419110445526,62.7481146095527,128.000027076066,59.260557559384,14.2708575685297,18.9527097265495,2.953652291879,NA,7.04207210850521,NA,49.4649026765384,6.17098163032541,50.3702504764612,9.17049748582702,30.3263507503483,166.879932206925,426.728440049204,49.4992010198921,70.3754335561313,33.8832416380309,28.3151054980676,45.6328229556525,148.467155776696,58.7900459342273,53.5816337841092,145.076161252282,202.484359877332,108.583920307092,58.688258765099,128.563146497437,119.345470263915,143.012753673244,52.2249270392617,127.321595727017,75.0961305150213,135.548624838841,111.19899969928,NA,NA,11.4200732557607,10.4613707882941,15.1684314420583,NA,35.2976443299165,32.5748655410743,35.7119085641663,5.46605508911958,29.6713774859348,NA,17.8642073917212,97.2302505110761,43.0119807869903,NA,NA,47.8683442675965,37.9887411382034,88.544656053028,68.7839470627521,17.858017201968,51.8581918781273,49.3849656018859,36.352936473174,68.9112043678431,57.8000966497166,34.6311886248229,168.040673928852,74.5171193926121,122.729081290376,55.7345488267992,NA
"WIPI1",43.5520118723711,39.5699444523977,37.1167788682381,45.5485570271238,54.3421526839598,44.7867548044095,38.666164990455,36.2271844086954,22.9644890415838,23.6701876304878,21.650573158288,33.4515200223391,32.3344377378764,21.7759967235544,23.8954893481288,15.6526250611761,24.0006221362763,19.3286233439052,27.5567312151565,21.5109624849169,20.0472640803159,14.8254050701901,22.742724203785,22.4296209294859,30.8030221792561,21.555737229851,19.3554328562664,44.5699673814091,22.9062067902117,45.516992582312,15.5481030180726,25.3808180904378,27.3885313188021,4.26930135215984,17.7367117736016,14.1853843282302,23.8679044270634,27.9607922378348,29.5482339433406,26.342736810419,20.3741316373927,21.968026005519,18.3452331308972,29.1145147121478,27.5312841795661,17.3235976650214,14.9907431499588,33.6297620681781,26.8279826057994,24.9563204318646,27.2654110423957,15.3092673126934,35.8027872331428,49.1686441197007,23.9673749507869,27.2276393442093,23.6537989003815,34.6872444684722,20.3929700371082,21.968026005519,20.0472623840617,16.279675073643,29.9607119179038,17.0535477770871,19.1818061703329,20.0611629044579,27.716374822591,27.9607922378348,35.39973527843,15.1894739352083,38.8273139279582,25.7172890618187,20.1261595493763,27.020828397561,24.3863172854363,20.5561759371358,38.5992256404451,40.1223258089158,26.1064309564102,29.276408311967,22.8850467395312,18.3919175685548,19.8720205664141,20.0287433384639,31.2546729267913,40.6260538799005,29.6919512470811
